,,Cultivar ID,Sequences,Plant Height(cm),Subpopulation
0,0,W128,CCGATCTT,149.8,Intermediate
1,0,W030,CCGTACTT,172.6,Indica Intermediate
2,0,W049,CCGTACTC,163.8,Aus
2,1,W134,CCGTACTC,150,Aus
3,0,W256,CCGTACCC,160,VI/Aromatic
3,1,W081,CCGTACCC,130.2,VI/Aromatic
4,0,W028,TCGTTCTC,164.2,Aus
5,0,W099,CCGTTCTC,149,Aus
5,1,W287,CCGTTCTC,150.2,Aus
5,2,W115,CCGTTCTC,153.4,Aus
5,3,W076,CCGTTCTC,155,Aus
5,4,W142,CCGTTCTC,149.4,Aus
5,5,W096,CCGTTCTC,165.2,Aus
5,6,W098,CCGTTCTC,158.8,Aus
5,7,W069,CCGTTCTC,146.4,Aus
5,8,W092,CCGTTCTC,144.8,Aus
5,9,W286,CCGTTCTC,154.8,Aus
5,10,W292,CCGTTCTC,164.2,Aus
5,11,W108,CCGTTCTC,161.2,Aus
5,12,W214,CCGTTCTC,153.8,Aus
5,13,W100,CCGTTCTC,177.2,Aus
5,14,W131,CCGTTCTC,161,Aus
5,15,W037,CCGTTCTC,173.8,Indica Intermediate
5,16,W090,CCGTTCTC,137.4,Aus
5,17,W104,CCGTTCTC,145.4,Aus
5,18,W094,CCGTTCTC,141.8,Aus
6,0,W020,CCGTTTCC,136.6,Aus
6,1,W079,CCGTTTCT,147.6,Intermediate
7,0,C095,CCGTTTTC,163.37,Indica I
7,1,W036,CCGTTTTC,157.8,Indica I
7,2,W026,CCGTTTTC,160.6,Indica I
7,3,W124,CCGTTTTC,134,Indica I
8,0,W066,CCGTTTTT,102.2,Indica Intermediate
8,1,W093,CCGTTTTT,133,Indica III
8,2,W089,CCGTTTTT,136.4,Indica III
8,3,W241,CCGTTTTT,119.2,Indica II
8,4,W023,CCGTTTTT,165.8,Indica III
9,0,W014,CCGTTCCT,158,VI/Aromatic
10,0,W252,CCGTTCCC,178,VI/Aromatic
10,1,W095,CCGTTCCC,165.8,Aus
10,2,W048,CCGTTCCC,190.2,Aus
10,3,W091,CCGTTCCC,148.2,Aus
10,4,W279,CCGTTCCC,166.6,Aus
10,5,W219,CCGTTCCC,161,VI/Aromatic
10,6,W278,CCGTTCCC,146.6,Aus
10,7,W255,CCGTTCCC,145.8,VI/Aromatic
11,0,W140,CCTTTCTT,145.8,Aus
11,1,W106,CCGTTCTT,169.4,Aus
12,0,W141,CCTTTCTC,151.6,Aus
12,1,W025,CCTTTCTC,154.2,Aus
12,2,W015,CCTTTCTC,157.8,Aus
12,3,W034,CCTTTCTC,165.8,Aus
12,4,W297,CCTTTCTC,161.2,Aus
12,5,C013,CCTTTCTC,150.43,Aus
12,6,W121,CCTTTCTC,177.6,Aus
12,7,W296,CCTTTCTC,138.8,Aus
12,8,W042,CCTTTCTC,185.4,Indica Intermediate
12,9,W103,CCTTTCTC,111.4,Aus
12,10,W280,CCTTTCTC,145.8,Aus
12,11,W215,CCTTTCTC,154.4,Aus
12,12,W072,CCTTTCTC,154,Aus
13,0,W112,CTTTTCTT,167.2,Indica III
13,1,C139,CTTTTCTC,185.33,Indica I
14,0,W054,CCTTTTTT,190.2,Indica Intermediate
14,1,C194,CCTTTTTT,173.4,Indica Intermediate
14,2,C047,CCTTTTTT,97.53,Indica I
14,3,W009,CCTTTTTT,193.8,Indica III
14,4,C104,CCTTTTTT,179.14,Indica I
14,5,C108,CCTTTTTT,156.8,Indica I
14,6,C080,CCTTTTTT,170.53,Indica I
14,7,C097,CCTTTTTT,172.2,Indica Intermediate
14,8,W203,CCTTTTTT,185.6,Indica Intermediate
14,9,C109,CCTTTTTT,162.1,Indica I
14,10,W111,CCTTTTTT,203.6,Indica III
15,0,W235,TCTTTTTC,148.4,Indica I
16,0,W032,CCTTTTTC,159.6,Indica I
16,1,W320,CCTTTTTC,177.2,Indica Intermediate
16,2,C088,CCTTTTTC,135.4,Indica I
16,3,C141,CCTTTTTC,190.93,Indica I
16,4,C199,CCTTTTTC,187.53,Indica I
16,5,C073,CCTTTTTC,167.83,Indica I
16,6,C100,CCTTTTTC,166.45,Indica Intermediate
16,7,W031,CCTTTTTC,159.6,Indica I
16,8,C136,CCTTTTTC,182.14,Indica I
16,9,C198,CCTTTTTC,173.77,Indica Intermediate
16,10,C135,CCTTTTTC,136.39,Indica I
16,11,W126,CCTTTTTC,157.6,Indica I
16,12,C129,CCTTTTTC,166.87,Indica Intermediate
16,13,C190,CCTTTTTC,160.9,Indica I
16,14,W272,CCTTTTTC,155.6,Indica Intermediate
16,15,W039,CCTTTTTC,152,Indica I
16,16,C200,CCTTTTTC,189.1,Indica I
16,17,C201,CCTTTTTC,194.93,Indica Intermediate
16,18,C096,CCTTTTTC,166.4,Indica Intermediate
17,0,W145,CCTTACTT,177.4,Indica Intermediate
18,0,C090,CCTTATTT,177.29,Indica Intermediate
18,1,C197,CCTTATTT,175.77,Indica I
18,2,W204,CCTTATTT,154.2,Indica I
18,3,C132,CCTTATTT,169.67,Indica Intermediate
18,4,W080,CCTTATTT,141.4,Indica I
18,5,W205,CCTTATTT,161.8,Indica I
18,6,C055,CCTTATTT,119.03,Indica I
19,0,W047,CCTTACCT,203.2,Japonica Intermediate
20,0,W247,CCTTATCT,170.2,Indica I
20,1,W210,CCTTATCT,166.4,Indica I
21,0,W258,CCTTACCC,158.4,VI/Aromatic
22,0,W077,CCTTTCCC,182.4,VI/Aromatic
22,1,W136,CCTTTCCC,188.6,VI/Aromatic
22,2,W277,CCTTTCCC,142,Aus
22,3,C002,CCTTTCCC,177.62,VI/Aromatic
22,4,C015,CCTTTCCC,152.2,Aus
22,5,W220,CCTTTCCC,172,VI/Aromatic
22,6,W330,CCTTTCCC,149.6,Aus
23,0,C202,CCTTTTCC,176.33,Indica I
24,0,C076,CCTTATCC,127.36,Indica I
24,1,W001,CCTTATCC,146.4,Indica I
24,2,C077,CCTTATCC,149.8,Indica I
24,3,C184,CCTTATCC,156.17,Indica I
24,4,C081,CCTTATCC,155.8,Indica I
25,0,W135,CTTTACTC,172.8,Indica Intermediate
26,0,C086,CCTTACTC,147.17,Aus
26,1,W129,CCTTACTC,151.2,VI/Aromatic
26,2,W035,CCTTACTC,196.2,Indica Intermediate
26,3,W137,CCTTACTC,125.6,Indica Intermediate
26,4,W075,CCTTACTC,186.2,Indica Intermediate
26,5,W105,CCTTACTC,156.6,Aus
26,6,C098,CCTTACTC,178.27,Indica Intermediate
27,0,W198,CCTTATTC,180,Indica Intermediate
27,1,W074,CCTTATTC,162.2,Indica Intermediate
27,2,C140,CCTTATTC,164.4,Indica I
27,3,W212,CCTTATTC,159.6,Indica Intermediate
27,4,W144,CCTTATTC,168.4,Indica I
27,5,C182,CCTTATTC,161.2,Indica I
27,6,C110,CCTTATTC,159.33,Indica I
28,0,C143,CCGTATTC,170.36,Indica I
28,1,C125,CCGTATTC,145.65,Indica I
28,2,W114,CCGTATTC,181.4,Indica III
28,3,W314,CCGTATTC,111.2,Indica II
28,4,W282,CCGTATTC,134.8,Indica Intermediate
29,0,W306,CTGTTCCC,129.6,VI/Aromatic
30,0,W050,CTGTACCC,174.8,VI/Aromatic
30,1,C085,CTGTACCC,147.1,Japonica Intermediate
30,2,C084,CTGTACCC,157.62,Japonica Intermediate
31,0,C001,CTTTTCCC,144.13,Indica I
31,1,W261,CTTTTCCC,132.4,Intermediate
32,0,C121,CTTTTTCT,150.67,Indica Intermediate
32,1,C036,CTTTTTCT,95.07,Indica Intermediate
33,0,W299,CTGTTTTT,90.8,Indica Intermediate
33,1,W154,CTGTTTTT,102.4,Indica II
33,2,W321,CTGTTTTT,160.6,Indica III
33,3,W194,CTGTTTTT,108.8,Indica II
33,4,W172,CTGTTTTT,100.2,Indica II
33,5,W147,CTGTTTTT,117.6,Indica Intermediate
33,6,W304,CTGTTTTT,95.8,Intermediate
34,0,C192,CTTTTTTT,185.07,Indica Intermediate
34,1,W298,CTTTTTTT,95.2,Indica II
34,2,C107,CTTTTTTT,193.67,Indica III
34,3,C072,CTTTTTTT,158.07,Indica I
34,4,C175,CTTTTTTT,111.2,Indica Intermediate
34,5,C162,CTTTTTTT,97.77,Indica Intermediate
34,6,W181,CTTTTTTT,105.8,Indica Intermediate
34,7,W148,CTTTTTTT,168.4,Indica Intermediate
34,8,W291,CTTTTTTT,96.6,Indica II
34,9,W274,CTTTTTTT,70.8,Indica I
34,10,C142,CTTTTTTT,198.57,Indica III
35,0,C145,CTTTATCT,92.33,Indica I
35,1,C024,CTTTATCT,85.33,Indica I
35,2,C114,CTTTATCT,86.87,Indica Intermediate
36,0,C122,CTTTATCT,118.1,Indica I
36,1,C021,CTTTATCT,80.83,Indica I
36,2,C161,CTTTATCT,93.5,Indica I
36,3,C158,CTTTATCT,85.17,Indica I
36,4,C059,CTTTATCT,113.43,Indica I
36,5,C039,CTTTATCT,109.43,Indica I
36,6,C020,CTTTATCT,78.17,Indica I
36,7,W223,CTTTATCT,103.6,Indica II
36,8,C156,CTTTATCT,73.13,Indica I
36,9,C159,CTTTATCT,95.8,Indica I
36,10,C033,CTTTATCT,132.04,Indica I
36,11,C155,CTTTATCT,69.47,Indica I
36,12,C058,CTTTATCT,103.7,Indica I
37,0,C078,CTTTTTTC,172.4,Indica Intermediate
37,1,W084,CTTTTTTC,114.4,Indica Intermediate
37,2,C173,CTTTTTTC,114.4,Indica I
38,0,C193,CTTTTTCC,158.4,Indica I
38,1,C180,CTTTTTCC,147.15,Indica I
38,2,C183,CTTTTTCC,160.57,Indica I
38,3,W132,CTTTTTCC,156,Indica I
38,4,C128,CTTTTTCC,158.23,Indica I
39,0,W029,CTTTATCC,147.8,Indica Intermediate
39,1,C060,CTTTATCC,114.73,Indica I
40,0,C131,CTTTATTC,165.07,Indica I
40,1,C191,CTTTATTC,171.27,Indica I
40,2,W269,CTTTATTC,96,Indica Intermediate
40,3,C127,CTTTATTC,152.54,Indica I
40,4,W073,CTTTATTC,98.8,Indica II
40,5,W199,CTTTATTC,125.2,Indica Intermediate
40,6,W101,CTTTATTC,149.8,Indica Intermediate
40,7,C176,CTTTATTC,97.67,Indica Intermediate
40,8,W133,CTTTATTC,157.8,Indica Intermediate
40,9,W270,CTTTATTC,99,Indica Intermediate
40,10,W206,CTTTATTC,112,Indica Intermediate
40,11,W266,CTTTATTC,132.6,Indica III
40,12,C041,CTTTATTC,113.1,Indica I
40,13,W246,CTTTATTC,151,Indica Intermediate
40,14,C091,CTTTATTC,170.07,Indica I
40,15,C092,CTTTATTC,168.47,Indica I
41,0,W143,CTTAACCC,196.8,Japonica Intermediate
41,1,C134,CTTAACCC,172.46,Temperate Japonica
41,2,C144,CTTAACCC,206.73,Temperate Japonica
42,0,C106,CTGAACCC,191,Temperate Japonica
42,1,W319,CTGAACCC,174.2,Temperate Japonica
42,2,C101,CTGAACCC,192.07,Temperate Japonica
42,3,C111,CTGAACCC,206.13,Temperate Japonica
42,4,C137,CTGAACCC,170,Temperate Japonica
43,0,C172,CTGAACCT,102.37,Temperate Japonica
43,1,C120,CTGAACCT,97.63,Temperate Japonica
43,2,C149,CTGAACCT,102.47,Temperate Japonica
43,3,C063,CTGAACCC,115.54,Temperate Japonica
44,0,W021,CTGTACTC,142.4,Japonica Intermediate
44,1,C052,CTGTACTC,107,Temperate Japonica
44,2,W323,CTGTACTC,136.4,Japonica Intermediate
44,3,W327,CTGTACTC,89.8,Temperate Japonica
44,4,C185,CTGTACTC,145,Japonica Intermediate
44,5,W003,CTGAACTC,140.4,Tropical Japonica
45,0,W122,CTGTACTC,169.8,Japonica Intermediate
45,1,C074,CTGTACTC,143.65,Temperate Japonica
45,2,C138,CTGTACTC,190.9,Temperate Japonica
45,3,C082,CTGTACTC,156.46,Temperate Japonica
45,4,W326,CTGTACTC,155.4,Japonica Intermediate
45,5,C179,CTGTACTC,133.53,Temperate Japonica
45,6,W082,CTGTACTC,125,Temperate Japonica
45,7,W127,CTGTACTC,142.6,Japonica Intermediate
45,8,W097,CTGTACTC,137,Intermediate
45,9,C067,CTGTACTC,117.93,Temperate Japonica
45,10,C071,CTGTACTC,128.2,Temperate Japonica
45,11,C075,CTGTACTC,131.3,Temperate Japonica
45,12,W324,CTGTACTC,156,Japonica Intermediate
45,13,C171,CTGTACTC,140.61,Temperate Japonica
45,14,C186,CTGTACTC,180,Japonica Intermediate
46,0,C133,CTGAACTC,170.8,Temperate Japonica
46,1,W325,CTGAACTC,135.8,Temperate Japonica
46,2,C004,CTGAACTC,140.4,Temperate Japonica
46,3,C196,CTGAACTC,193,Temperate Japonica
46,4,C130,CTGAACTC,155.4,Temperate Japonica
46,5,W102,CTGAACTC,182.6,Tropical Japonica
46,6,C103,CTGAACTC,202.07,Temperate Japonica
46,7,C079,CTGAACTC,143.32,Temperate Japonica
46,8,C093,CTGAACTC,164.73,Temperate Japonica
47,0,W155,CTGTTTTT,98.4,Indica Intermediate
47,1,W125,CTGTTCTT,152,Intermediate
48,0,W063,CTGTACTT,114.2,Japonica Intermediate
48,1,C057,CTGTACTT,123.63,Japonica Intermediate
48,2,W130,CTGTACTT,92.6,Temperate Japonica
48,3,W010,CTGTACTT,135,Japonica Intermediate
48,4,C029,CTGTACTT,94,Japonica Intermediate
48,5,C154,CTGTACTT,77.43,Temperate Japonica
48,6,W052,CTGTACTT,98.6,Temperate Japonica
48,7,C032,CTGTACTT,107.8,Temperate Japonica
48,8,C035,CTGTACTT,102.58,Temperate Japonica
48,9,W061,CTGTACTT,121.8,Japonica Intermediate
48,10,W088,CTGTACTT,70.6,Temperate Japonica
48,11,C146,CTGTACTT,74.7,Temperate Japonica
48,12,W109,CTGTACTT,99.4,Temperate Japonica
48,13,C018,CTGTACTT,78.27,Temperate Japonica
48,14,C116,CTGTACTT,87.03,Temperate Japonica
48,15,C150,CTGTACTT,90.32,Temperate Japonica
48,16,W160,CTGTACTT,96,Temperate Japonica
48,17,C026,CTGTACTT,104.7,Temperate Japonica
48,18,W158,CTGTACTT,107.2,Intermediate
48,19,C152,CTGTACTT,100,Temperate Japonica
48,20,W283,CTGTACTT,68.4,Temperate Japonica
48,21,W207,CTGTACTT,114.6,Temperate Japonica
48,22,C064,CTGTACTT,103.3,Temperate Japonica
48,23,W013,CTGTACTT,98.6,Temperate Japonica
48,24,W012,CTGTACTT,100.8,Temperate Japonica
48,25,C028,CTGTACTT,86.97,Temperate Japonica
48,26,W117,CTGTACTT,98.6,Temperate Japonica
48,27,W162,CTGTACTT,98.4,Temperate Japonica
48,28,C048,CTGTACTT,97.33,Temperate Japonica
48,29,W209,CTGTACTT,142.4,Temperate Japonica
48,30,W027,CTGTACTT,116.8,Temperate Japonica
48,31,C177,CTGTACTT,112.87,Temperate Japonica
48,32,W328,CTGTACTT,117.4,Intermediate
48,33,C017,CTGTACTT,92.67,Temperate Japonica
48,34,W016,CTGTACTT,78.8,Temperate Japonica
48,35,W305,CTGTACTT,74,Temperate Japonica
49,0,W120,CTGTATTT,109.6,Temperate Japonica
49,1,C051,CTGTATTT,99.9,Intermediate
49,2,W087,CTGTATTT,77.2,Indica I
49,3,C119,CTGTATTT,86.17,Temperate Japonica
49,4,C014,CTGTATTT,82.43,Japonica Intermediate
49,5,W226,CTGTATTT,93.2,Temperate Japonica
50,0,W119,CTGAATTT,95.4,Tropical Japonica
51,0,W193,CTGAACTT,121.4,Temperate Japonica
51,1,W249,CTGAACTT,125.8,Temperate Japonica
51,2,W060,CTGAACTT,119.4,Temperate Japonica
51,3,C012,CTGAACTT,114.1,Temperate Japonica
51,4,W250,CTGAACTT,123.2,Temperate Japonica
52,0,C070,CTGAACTT,97.8,Temperate Japonica
52,1,C123,CTGAACTT,118.83,Tropical Japonica
52,2,C189,CTGAACTT,162.36,Temperate Japonica
52,3,W011,CTGAACTT,116.8,Temperate Japonica
52,4,W055,CTGAACTT,171.4,Intermediate
52,5,W056,CTGAACTT,129,Temperate Japonica
52,6,W041,CTGAACTT,169.4,Tropical Japonica
53,0,W057,CTGAATTT,182.2,Tropical Japonica
53,1,W024,CTGAATTT,139.8,Tropical Japonica
53,2,W005,CTGAATTT,133.8,Tropical Japonica
53,3,W254,CTGAATTT,143.4,Tropical Japonica
53,4,W275,CTGAATTT,148.2,Tropical Japonica
53,5,C153,CTGAATTT,105.07,Tropical Japonica
53,6,W208,CTGAATTT,119.6,Temperate Japonica
53,7,W253,CTGAATTT,146.2,Tropical Japonica
53,8,W113,CTGAATTT,141,Tropical Japonica
53,9,W251,CTGAATTT,129.8,Tropical Japonica
53,10,W022,CTGAATTT,146,Tropical Japonica
53,11,W053,CTGAATTT,152.6,Tropical Japonica
53,12,W257,CTGAATTT,171.6,Tropical Japonica
53,13,W065,CTGAATTT,149.4,Tropical Japonica
53,14,W008,CTGAATTT,147,Tropical Japonica
53,15,W006,CTGAATTT,149.8,Tropical Japonica
53,16,W067,CTGAATTT,152.6,Tropical Japonica
53,17,W303,CTGAATTT,157.8,Tropical Japonica
53,18,W123,CTGAATTT,140.8,Tropical Japonica
53,19,W017,CTGAATTT,126.2,Tropical Japonica
54,0,C087,CTTAACTT,141.27,Temperate Japonica
54,1,W116,CTTAACTT,175.4,Tropical Japonica
54,2,W285,CTTAATTT,134.6,Tropical Japonica
55,0,W313,CTTTACTT,110.4,Indica II
55,1,C203,CTTTACTT,77.33,Indica I
55,2,W175,CTTTACTT,101,Intermediate
55,3,W240,CTTTACTT,111.6,Indica Intermediate
55,4,C124,CTTTACTT,110.27,Indica Intermediate
55,5,W068,CTTTACTT,139.8,Temperate Japonica
56,0,W151,CTTTATTT,98,Indica II
56,1,W245,CTTTATTT,121.6,Indica Intermediate
56,2,C160,CTTTATTT,83.68,Indica Intermediate
56,3,W268,CTTTATTT,91.4,Indica Intermediate
56,4,W263,CTTTATTT,114.8,Indica Intermediate
56,5,W156,CTTTATTT,99.2,Indica I
56,6,W307,CTTTATTT,101,Indica II
56,7,C105,CTTTATTT,170.17,Indica Intermediate
56,8,C113,CTTTATTT,73.77,Indica Intermediate
56,9,W259,CTTTATTT,106,Indica II
56,10,W293,CTTTATTT,83.4,Indica II
56,11,W170,CTTTATTT,90.6,Indica II
56,12,W271,CTTTATTT,95.8,Indica Intermediate
56,13,C044,CTTTATTT,104.33,Indica Intermediate
56,14,W248,CTTTATTT,145.4,Indica I
56,15,W236,CTTTATTT,101.8,Indica II
56,16,W222,CTTTATTT,115.6,Indica II
56,17,C112,CTTTATTT,77.43,Indica I
56,18,C117,CTTTATTT,110.43,Indica Intermediate
56,19,W295,CTTTATTT,99.6,Indica II
56,20,W315,CTTTATTT,102,Indica II
56,21,W300,CTTTATTT,107.2,Tropical Japonica
56,22,W185,CTTTATTT,95.6,Indica II
56,23,W043,CTTTATTT,105.4,Indica Intermediate
56,24,W149,CTTTATTT,112.6,Indica Intermediate
56,25,W317,CTTTATTT,110.4,Indica II
56,26,W138,CTTTATTT,102,Indica I
56,27,W163,CTTTATTT,91.4,Indica Intermediate
56,28,C019,CTTTATTT,80.25,Indica I
56,29,W183,CTTTATTT,96.6,Indica II
56,30,W265,CTTTATTT,120.4,Indica Intermediate
56,31,W230,CTTTATTT,110.4,Indica II
56,32,C165,CTTTATTT,96.03,Indica I
56,33,W169,CTTTATTT,93.6,Indica II
56,34,C046,CTTTATTT,172.37,Indica Intermediate
56,35,W224,CTTTATTT,116,Indica II
56,36,W294,CTTTATTT,118.8,Intermediate
56,37,C030,CTTTATTT,99.57,Indica Intermediate
56,38,W229,CTTTATTT,119.4,Indica II
56,39,W046,CTTTATTT,96,Indica II
56,40,W228,CTTTATTT,115,Indica II
56,41,W058,CTTTATTT,150.6,Indica I
56,42,W179,CTTTATTT,93.8,Indica II
56,43,W276,CTTTATTT,160.2,Indica III
56,44,W189,CTTTATTT,114.2,Indica II
56,45,C031,CTTTATTT,96.27,Indica Intermediate
56,46,C037,CTTTATTT,105.33,Indica I
56,47,W040,CTTTATTT,108.4,Indica II
56,48,C170,CTTTATTT,94.87,Indica I
56,49,C151,CTTTATTT,107.73,Indica I
56,50,C038,CTTTATTT,101.33,Indica Intermediate
56,51,W233,CTTTATTT,114.2,Indica Intermediate
56,52,W152,CTTTATTT,110,Indica II
56,53,W164,CTTTATTT,88.6,Indica Intermediate
56,54,W244,CTTTATTT,102.4,Indica II
56,55,C007,CTTTATTT,107.97,Indica Intermediate
56,56,W312,CTTTATTT,111.6,Indica II
56,57,C167,CTTTATTT,108.23,Indica Intermediate
56,58,W309,CTTTATTT,112.2,Indica II
56,59,C006,CTTTATTT,108.23,Indica Intermediate
56,60,W150,CTTTATTT,104.6,Indica II
56,61,W200,CTTTATTT,115.4,Indica Intermediate
56,62,W308,CTTTATTT,109.4,Indica II
56,63,W180,CTTTATTT,108,Indica Intermediate
56,64,W174,CTTTATTT,84,Indica II
56,65,C169,CTTTATTT,118.07,Indica Intermediate
56,66,W264,CTTTATTT,91.4,Indica Intermediate
57,0,C083,CTGAATCT,174.7,Temperate Japonica
58,0,C040,CTGTATCT,102.46,Indica I
58,1,C157,CTGTATCT,75.1,Indica I
58,2,W078,CTGTATCT,96.8,Indica Intermediate
59,0,W290,CTGTACCT,116.4,Temperate Japonica
59,1,C016,CTGTACCT,77.73,Temperate Japonica
59,2,C056,CTGTACCT,99.03,Temperate Japonica
60,0,C089,CTGTACTT,142.43,Temperate Japonica
60,1,C054,CTGTACTT,97.9,Temperate Japonica
60,2,W019,CTGTACTT,124.8,Japonica Intermediate
60,3,C034,CTGTACTT,110.5,Temperate Japonica
60,4,W038,CTGTACTT,138,Temperate Japonica
60,5,W059,CTGTACTT,115.8,Temperate Japonica
60,6,W018,CTGTACTT,93.4,Temperate Japonica
60,7,C187,CTGTACTT,144.47,Temperate Japonica
60,8,W302,CTGTACTT,166.8,Tropical Japonica
60,9,W064,CTGTACTT,106.2,Temperate Japonica
60,10,C023,CTGTACTT,89.39,Temperate Japonica
60,11,W139,CTGTACTT,96.4,Temperate Japonica
60,12,C188,CTGTACTT,137.8,Temperate Japonica
60,13,C195,CTGTACTT,171.79,Temperate Japonica
60,14,W173,CTGTACTT,121.6,Tropical Japonica
60,15,W171,CTGTACTT,96.8,Indica Intermediate
60,16,W070,CTGTACTT,160.4,Indica Intermediate
60,17,C181,CTGTACTT,137.9,Temperate Japonica
60,18,W281,CTGTACTT,150,Temperate Japonica
60,19,C003,CTGTACTT,141.57,Japonica Intermediate
60,20,C010,CTGTACTT,106.7,Tropical Japonica
60,21,W062,CTGTACTT,153.4,Tropical Japonica
60,22,W045,CTGTACTT,98,Temperate Japonica
60,23,C118,CTGTACTT,88.27,Indica II
61,0,W178,CCGTATTT,97.8,Indica III
61,1,W071,CCGTATTT,104.6,Indica Intermediate
61,2,W221,CCGTATTT,112.4,Indica Intermediate
61,3,W310,CCGTATTT,111.2,Indica Intermediate
61,4,C102,CCGTATTT,150.67,Indica Intermediate
61,5,W146,CCGTATTT,127.4,Indica I
62,0,W201,CTGTATTT,108.2,Indica Intermediate
62,1,W182,CTGTATTT,101.2,Indica II
62,2,W187,CTGTATTT,105.2,Indica Intermediate
62,3,W202,CTGTATTT,112,Indica Intermediate
62,4,W289,CTGTATTT,104.4,Indica II
62,5,C068,CTGTATTT,109.6,Indica II
62,6,W237,CTGTATTT,115.8,Indica II
62,7,W311,CTGTATTT,100.6,Indica II
62,8,C042,CTGTATTT,103.67,Indica Intermediate
62,9,W044,CTGTATTT,98.8,Indica II
62,10,C163,CTGTATTT,104.17,Indica II
62,11,W227,CTGTATTT,106.6,Indica Intermediate
62,12,W234,CTGTATTT,112.8,Indica Intermediate
62,13,C043,CTGTATTT,106.33,Indica I
62,14,W197,CTGTATTT,112.8,Indica II
62,15,C166,CTGTATTT,94.73,Indica Intermediate
62,16,C061,CTGTATTT,109.37,Indica II
62,17,W216,CTGTATTT,113.8,Indica II
62,18,W231,CTGTATTT,117,Indica II
62,19,W322,CTGTATTT,109,Indica Intermediate
62,20,W177,CTGTATTT,100,Indica II
62,21,W159,CTGTATTT,95.2,Indica II
62,22,C022,CTGTATTT,77.3,Indica I
62,23,C011,CTGTATTT,100.43,Indica II
62,24,W267,CTGTATTT,114.4,Indica Intermediate
62,25,W318,CTGTATTT,139.3,Indica I
62,26,W083,CTGTATTT,116.4,Indica Intermediate
62,27,C148,CTGTATTT,117.2,Indica II
62,28,C025,CTGTATTT,82.83,Indica Intermediate
62,29,C049,CTGTATTT,103.13,Indica Intermediate
62,30,W165,CTGTATTT,103.8,Indica Intermediate
62,31,W166,CTGTATTT,137.8,Indica Intermediate
62,32,W161,CTGTATTT,102,Indica II
62,33,W301,CTGTATTT,95.6,Indica II
62,34,W051,CTGTATTT,107.4,Indica II
62,35,C065,CTGTATTT,109.07,Indica Intermediate
62,36,W176,CTGTATTT,101.4,Indica II
62,37,W262,CTGTATTT,83.8,Indica I
62,38,W238,CTGTATTT,95.4,Indica II
62,39,C009,CTGTATTT,106.8,Indica Intermediate
62,40,W242,CTGTATTT,106.2,Indica Intermediate
62,41,W186,CTGTATTT,98.2,Indica Intermediate
62,42,C178,CTGTATTT,107.67,Indica I
62,43,C062,CTGTATTT,105.5,Indica I
62,44,W213,CTGTATTT,137.4,Indica Intermediate
62,45,C053,CTGTATTT,116.63,Indica Intermediate
62,46,C147,CTGTATTT,108.1,Indica II
62,47,C168,CTGTATTT,104.87,Indica Intermediate
62,48,W218,CTGTATTT,133.6,Indica Intermediate
62,49,W316,CTGTATTT,99,Indica II
62,50,W167,CTGTATTT,135.2,Indica Intermediate
62,51,W217,CTGTATTT,133.8,Indica Intermediate
62,52,W168,CTGTATTT,101.4,Indica II
62,53,W243,CTGTATTT,105.6,Indica II
62,54,W195,CTGTATTT,123.8,Indica II
62,55,W184,CTGTATTT,98,Indica II
62,56,C174,CTGTATTT,111.43,Indica II
62,57,W157,CTGTATTT,95.2,Indica Intermediate
62,58,W211,CTGTATTT,97,Indica II
62,59,C069,CTGTATTT,115.8,Indica II
62,60,W086,CTGTATTT,103.4,Indica II
62,61,C164,CTGTATTT,95.53,Indica II
62,62,W225,CTGTATTT,90.2,Tropical Japonica
62,63,W118,CTGTATTT,84.2,Tropical Japonica
62,64,C115,CTGTATTT,80.4,Indica II
62,65,W153,CTGTATTT,103.8,Indica II
62,66,C050,CTGTATTT,108.81,Indica II
63,0,W007,CTGAATTC,150.8,Tropical Japonica
63,1,W273,CTGAATTC,156.2,Tropical Japonica
63,2,W288,CTGAATTC,144.2,Tropical Japonica
64,0,W284,CTTAATTC,135.4,Tropical Japonica
64,1,W110,CTTAATTC,154.4,Tropical Japonica
64,2,W002,CTTAATTC,157.4,Tropical Japonica
64,3,W004,CTTAATTC,158.2,Tropical Japonica
64,4,C005,CTTAATTC,163.33,Tropical Japonica
65,0,C094,TTGTATTC,154.87,Indica Intermediate
66,0,W260,CTGTATTC,134,Tropical Japonica
66,1,W188,CTGTATTC,102,Indica II
66,2,C027,CTGTATTC,100.47,Indica Intermediate
66,3,W239,CTGTATTC,109.8,Indica Intermediate
66,4,C045,CTGTATTC,106.23,Indica Intermediate
66,5,W085,CTGTATTC,118.6,Indica Intermediate
66,6,W329,CTGTATTC,147.4,Tropical Japonica
66,7,C008,CTGTATTC,87.47,Indica Intermediate
67,0,W191,CTGTTTTC,121,Intermediate
67,1,C099,CTGTTTTC,176.8,Indica Intermediate
67,2,W033,CTGTTTTC,155,Indica I
67,3,W192,CTGTTTTC,121.2,Intermediate
67,4,C066,CTGTTTTC,120.27,Indica I
67,5,W107,CTGTTTTC,163.2,Indica Intermediate
